{"cameraMode":{"drawMode":0,"name":"Shaded","section":"Shading Mode"},"sceneLighting":true,"audioPlay":false,"sceneViewState":{"m_AlwaysRefresh":false,"showFog":true,"showSkybox":true,"showFlares":true,"showImageEffects":true,"showParticleSystems":true,"showVisualEffectGraphs":true,"m_FxEnabled":true},"in2DMode":false,"pivot":{"x":-74.3111572265625,"y":0.2713102102279663,"z":-151.30621337890626},"rotation":{"x":0.23324452340602876,"y":-0.026251593604683877,"z":0.0062990388832986359,"w":0.9720447063446045},"size":0.6520848274230957,"orthographic":false}