{"cameraMode":{"drawMode":0,"name":"Shaded","section":"Shading Mode"},"sceneLighting":true,"audioPlay":false,"sceneViewState":{"m_AlwaysRefresh":false,"showFog":true,"showSkybox":true,"showFlares":true,"showImageEffects":true,"showParticleSystems":true,"showVisualEffectGraphs":true,"m_FxEnabled":true},"in2DMode":false,"pivot":{"x":-74.30000305175781,"y":0.4959999918937683,"z":-151.03500366210938},"rotation":{"x":-0.03426935151219368,"y":-0.856718122959137,"z":0.05739612132310867,"w":-0.5114521384239197},"size":0.40838125348091128,"orthographic":false}